Thai,English
เปลี่ยนทรง,change style (like hairstyle)
เชิญ,to invite
แค่ไหน,A question word in Thai to ask for the extent of something uncountable.
บ่า,shoulder
ผมหน้าม้า,hair bangs
แสกหน้า,part of the forehead between the eyes
แสกข้าง,parted
สระผม,hairwash
ประกาศ,to announce
รับสมัครงาน,to accept job applications
สมัครงาน,to apply for a job
ค่าจ้าง,salary
เลว,extremely bad (equivalent to using expletives)
สงสัย,to doubt
ยอม,to accept;to agree
ผลดำเนินงาน,performance
การนำเสนอ,presentation
แผนภาพ,chart
แจก,distribute
ยอดขาย,sales
ประมาณการ,estimate
อย่างมั่นคง,steadily
รณรงค์,to campaign
มีประสิทธิภาพ,effective
หลีกเลี่ยงไม่ได้,unavoidable
การดีดกลับ,rebound
ตวสะกด,ending consonant
โซ่,chain
กลอง,drums
ร่ม,umbrella
กระดุม,button
โคมไฟ,lamp
มะขาม,tamarind
เข็ม,needle
ส้อม,fork
พลอย,gemstone
น้อยหน่า,custard apple
ไฟฉาย,flashlight
อ้อย,sugarcane
เนย,butter
กาว,glue
ว่าว,kite
เหยี่ยว,hawk
เมฆ,cloud
เผือก,taro;albino
ตุ๊กตา,doll
ครกและสาก,mortar and pestle
ยีราฟ,giraffe
กรอบรูป,photo frame
ตับ,liver
ดาบ,sword
หีบ,chest
บอลลูน,balloon
กรรไกร,scissors
แจกัน,vase
ปฏิทิน,calendar
ลิ้น,tongue
ขนุน,jackfruit
อิฐ,brick
เตารีด,iron
ไม้กวาด,broom
คำควบกล้ำ,dipthong
กรอง,braid;to strain;to filter
กระ,freckles
โปรด,favorite
กรอบ,crispy
กราบ,to prostrate oneself
พรวน,neck bell
โปร่ง,sparse
ปรับปรุง,adjust
ครองแครง,small season cake made of flour boiled in coconut milk
เพลิง,fire
กลีบ,petal
โคลน,mud
คลอง,canal
ปลวก,termite
คลื่น,wave
กลิ่น,smell
คลุกคลาน,crawl
เพลิดเพลิน,enjoy
กลบเกลือน,conceal
กลมกล่อม,mellow
แขวน,hang
ขวัญ,soul;spirit;happiness;prosperity
ขวิด,gore
คว้น,smoke
คว่ำ,upside down
เกวียน,cart
แกว่งไกว,swing
ขวนขวาย,strive
เคว้งคว้าง,drift
ขวาน,axe
ขว้าง,to pitch or throw (like a disc)
หยอด,drop
เหงื่อ,sweat
หลง,creep;crawl;to be lost or engrossed in something
หญ้า,grass
หมอก,fog
หวีด,scream
หงาย,to face
หรู,luxury
กึ่ง,semi
จมูก,nose
ขนาน,parallel
สนิท,close
ขมิ้น,turmeric
สมุน,subordinate
พลิก,to turn over
บันได,stairs
ขยัน,diligent
ถลอก,scrub;scratch
สนอง,to meet expectations;to satisfy desires
ขยุกขยิก,scratch
ผัน,conjugate
สกด,final consonant in Thai and Lao
เฝ้า,guard
เดิม,original
กล้วยไม้,orchid
อม,suck
อมยิ้ม,lollipop
ยางลบ,eraser
ลูกโป่ง,balloon
แม่เหล็ก,magnet
เรืยบเริยง,to compose
ใจความ,essense;gist
ผู้ถูกกระทำ,subject (parts of speech)
เกาะ,island;to cling;to perch
ปลาทู,mackerel
ป่วย,sick
บาน,to blossom;a classifier for doors
ประธาน,primary
กรรม,duty;action
ซ่อม,to repair
สือสาร,to communicate
ควบคู่,to bundle together;in tandem
สมบูรณ์,to complete;to be perfect;to be flawless
มารยาท,etiquettes;manner;behavior
สอดแทรก,to interfere
เหมาะสม,appropriate
ปรบมือ,to applaud
เกียรติ,honor
ถ้อยคำ,phrase;words
น้ำเสียง,tone
นุ่มนวล,gentle
เปรียบเทียบ,compare
บวก,addition
ประโยค,sentence
สัญลัก,symbol
ไอศกรีมกะทิ,coconut milk icecream
แท่ง,stick;bar (like an ice cream bar)
สลับ,interchange
ประโยคสัญลัก,equation
โจทย์,parts of a math problems
ตรวจสอบ,examine
สม,to be suitable
ตัวตั้ง,initial value
ชิ้น,piece;item
สัมพันธ์,relationship
ทราบ,to know
ใบ,a classifier for bottle and flat objects
ตั้งอยู่,to be located or situated
เครื่งหมาย,mark;sign;+-*/
รถเก๋ง,sedan
รถกระบะ,pickup truck
ครบ,to complete
ไม่ว่า,no matter
ฝ้าย,cotton
กระจกมองหลัง,rear view mirror
เกะกะ,disorderly
คดี,case
อำนวย,to assist
ขโมย,steal
ตำรวจสายตรวจ,patrol police
สวม,wear
ปลอกคอ,collar
พระราชฐาน,palace
ตรวจตรา,patrol
สันติบาล,special branch
สืบสวนสอบสวน,investigate
มอบ,to give
เสึยสละ,to sacrifice
ตำนาน,legend;myth
พิธี,ceremony
วิวา,wedding
หวานใจ,sweetheart
ล่าสุด,latest
สดใส,bright
ลึกลับ,mysterious
สกปรก,dirty
ร้าง,abandon
ตกปลา,to fish
ตกเบ็ด,to fish with a hook
เย็บ,sew
หยิบ,pick
สาบาน,swear
แทง,stab
ซาบซึ้ง,appreciate
ชี้,to point
ส่องด่วน,quick look
น้ำท่วม;การณ์อุทกภัย,flood
ลุ้นโชค,lucky draw
งวด,installment
การกระทรวงกลาโหม,ministry of defense
รางวัล,prize;reward
การแข่งขัน,competition
สลบหน้าทิ่ม,to pass out
บุคลิก,personality
นำเสนอ,to promote
เปิดตัว,launch
ตบ,slap
ยืน,stand
คิดออกแล้ว,figure it out
เฉย,indifferent
เหตุการณ์,event
ยื่น,to hand;to submit
สนุกสนาน,fun
เงียบสงบ,tranquil
อยู่ไม่สุข,be naughty;be restless
การซ่อมแซม,tinker
อวดกัน,to show off
หลงทาง,be lost;wander
เดือดร้อน,troubled
เสด็จลง,descend
รับเสด็จ,to welcome
ตักบาตร,to give alms to a Buddhist monk
สมัย,era
เต็มที่,fully
ได้ข่าว,to hear a news
อ่อนแอ,weak
ลิ้นชัก,drawer
สงสาร,pity
เข้ม,intensive;be dark
ประหยัด,save;conserve
ปู,crab;to spread a sheet or a mat
ผัด,stir fry
ทอด,deep fry
อบ,bake
ย่าง,to grill
ดาม,a classifier for pen
ลำ,a classifier for hollow objects like airplane
ขีด,100 grams
ปอก,to peel
หัน,turn;slice
ฝา,split; like splitting a watermelon into two parts
ฝาน,to slice into thin slices
แล่,to slice meat into thin strips
มังคุด,mangosteen
เงาะ,rambutan
มะเขือเทศ,tomato
แตงกวา,cucumber
ข้าวโพด,corn
หัวไชเท้า,radish
มะระ,bitter gourd
เห็ดเข็มทอง,golden needle mushroom
อ้วน,fat
ขี้เหร่,unattractive
ต้นหอม,spring onion
หอมหัวใหญ่,onion
ผักกาดขาว,chinese cabbage
กะหล่ำปลี,cabbage
ผักกะน้า,kale
ผักบุ้ง,morning glory
เก็กฮวย,chrysanthemum
อัญชัน,butterfly pea
มะตูม,bael
กระเจี๊ยบ,roselle
ตะไคร้,lemon grass
ใบบัวบก,centella asiatica
ลำไย,longan
ทับทิม,pomegranate
จืด,clear;bland
น้ำส้ม,orange juice
พริกป่น,chili powder
เรือน,house;a classifier for watches
คาง,chin;a classifier for a paired item
ตุ้มหู,earring
เส้น,line;a classifier for thread like objects
เข็มขัด,belt
สร้อย,necklace
วง,loop;a classifier for rings
กำไล,bangle
รองเท้าหนัง,leather shoes
รองเท้าผ้าใบ,canvas shoes
รองเท้าแตะ,sandals;flip-flops
รองเท้าส้นสูง,high-heel shoes
เสื้อยืด,t-shirt
เสื้อโปโล,Polo shirt
เสื้อคอปก,turtle neck shirt
เสื้อผ้าฝ้าย,cotton shirt
เสื้อไหม,silk shirt
เสื้อเชิ้ต,shirt
เพชร,diamond
ยาง,rubber
เหล็ก,iron (metal)
กระดาษ,paper
ผลิต,manufacture
กล่อง,box
วงเวียน,roundabout
เครื่งสำอาง,cosmetics
ยึด,to seize;to fasten a screw
คอย,wait;watch
คอยตรวจ,keep checking
ทา,paint
ผมม้า,hair bangs
ประเด็น,gist;main subject
พร่ำ,insist
ปู่,paternal grandfather
ย่า,paternal grandmother
ตา,maternal grandfather
ยาย,maternal grandmother
ลุง,uncle (older)
ป้า,aunt (older)
น้า,maternal uncle or aunt (younger)
อา,paternal uncle or aunt (younger)
ลูกพี่ลูกน้อง,cousin
ผอม,thin
ร่าเริง,cheerful
อารมณ์,mood
อารมณ์ดี,good-tempered
ใจร้อน,hot-tempered
ตลก,funny
ใจเย็น,calm
ใจกว้าง,broad-minded
ขี้เกรงใจ,considerate
ขี้โมโห,grumpy
ขี้บ่น,fussy
ขี้อาย,shy
ขี้เกียจ,lazy
ขยัย,diligent
หย่า,divorce
นักศึกษา,university student
ทนาย,lawyer
ชาวนา,farmer
เจ้าของ,owner
บริษจ,company
คนงาน,worker
ทหาร,soldier
นักร้อง,singer
วิศวกรร,engineer
หมอฟัน,dentist
สถาปนิก,architect
เลขา,secretary
ศิลปิน,artist
ดารา,celebrity
ข้างบน,upstairs
ข้างล่าง,downstairs
ของใช้,appliances
เตา,stove
เตาอบ,oven
สบู่,soap
ยาสีฟัน,toothpaste
ผงซักฟอก,washing powder
สัตว์เลี้ยง,pet
ตัว,a classifier for animals
ดุ,fierce
ชวน,invite
ฝากข้อความ,to leave a message
สักครู่,a moment
กรอกแบบฟอร์ม,fill out a form
ตำบล,sub-district
อำเภอ,district
รัฐ,state
รหัส,zipcode;password
เช่นกัน,also;too
เข่า,knee
เอว,waist
เป็นไข้,have a fever
เป็นหวัด,have a cold
กลืน,to swallow
ดูด,to suck
เคี้ยว,to chew;to masticate
บ้วน,expectorate
ถ่มน้ำ,to spit
ถุย,to spit (as scorn or disdain)
แดก,to gorge
เลีย,to lick
อ้า,to open the mouth
หัวคิ้ว,head of an eyebrow (near the nose)
สาหร่าย,seaweed
รีบ,to rush
อ้าง,to claim
ใส่ใจ,to pay attention
หัด,to learn
ซะ,indicates emphasis or a command
หาว่า,to accuse
ประชด,sarcastic
แน่น,crowded;tight
หน,direction;instance
เหมาะ,to be appropriate
นึก,to contemplate
ส้มอิฐ,brick orange
ฉีด,inject;spray
เพลิน,to enjoy
กรีด,to scream;to sharpen
สั่งสม,to accumulate
เงา,shadow
กระทบ,to affect
แก่แดด,precocious
โบราณ,ancient
ครอบงำ,to dominate
ฉาย,to shine;to emit light
ไพ่,playing cards
คุกเข่า,kneel
ข้อศอก,elbow
ข้อ,joint
ไอ,cold (disease)
เสมหะ,phlegm
ลูกกระเดือก,adam's apple
ผ้าพันคอ,scarf
สำลัก,to choke
สะอึก,hiccup
เกี่ยวข้อง,relevant
เป๊ะ,exactly
สีพื้นๆ,plain colors
เรียบร้อยกว่าเยอะ,go above and beyond
ฉูดฉาด,flashy
เมื่อกี้,a moment ago
ฉบับ,"a classifier for documents, newspapers and emails"
ซอง,envelope
ตรงมุม,in the corner
ตรงมุมบน,in the upper corner
ตรา,seal
ปั๊ม,a classifier for seals (document) and pumps
สัมมนา,seminar
โดยตรง,directly
บุคคล,person;individual
ย่าน,region;area;neighborhood
ผัง,chart;diagram;plan;layout
สี่เหลี่ยม,quadilateral;four-sided
จัตุรัส,square
ก้อน,"a classifier for lumps, bread and butter."
เพราะฉะนั้น,therefore
ทรงกลม,round;sphere
ล่วงหน้า,in advance
งานจัดแสดง,exhibition
ช่วงลดราคา,discount sale
สีฟ้าสด,sky blue color
นิตยสาร,magazine
สีโทนขรึม,calmer colors
ถัด,next (in level)
ผมหยิก,curly hairs
กระเป๋าสตางค์,wallet
แย่,terrible;bad
แตะ,to touch or feel (by hand)
พรีเซนต์งาน,presentation
คาบ,class period;interval;to carry in the mouth or beak
ไม่ค่อยได้,it's not really possible
งี้,like this
ฝาแฝด,twins
ยิ่ง,extremely
สำรวจ,to survey
บทความ,article;essay
วิชาพละ,physical education
ยอดนิยม,highly popular
พยากรณ์,to forecast
บางช่วง,occassionally
คาดว่า,to estimate;to expect
พื้นที่,area;location
ฝนฟ้าคะนอง,thunderstorm
ฝนฟ้าคะนองกระจาย,scattered thunderstorms
ใกล้เคียง,similar to;close to;adjoining
เฉลี่ย,average
ฝ่าย,group;department;a classifier for groups
แผนก,division
คดเคี้ยว,winding (like a windy road)
วกวน,meander;go in circle;
เลิกรา,to break up;to part ways
ฝั่ง,bank;coast
คาดเดา,to estimate;to expect
ลบเลื่อน,to fade away;to vanish
คุ้น,conversant in;intimate with;familiar
ไม่กี่,not many
กำจัด,to get rid off;to dispose
พริกตา,to blink
เช็ด,to wipe
สัมผัส,to feel (touch or contact)
การคาดณ์,speculation;prediction
สะดุด,to stumble over
สะดุดใจ,to be reminded of;to have someone's attention
ล้ม,to collapse;to fall
ทน,to endure
จาม,to sneeze;to cut someting completely
ดัน,to shove
ความดัน,pressure
รังเกียจ,repugnant;to hate;to abhor
ทึ่ง,to be wondered; to be amazed
กลม,a classifier for large round liquor bottles;circular;round
เผลอ,reckless;absentminded
เผลอยิ้ม,smile (inadverently)
กระทั่ง,upto;as far as
จังหวะ,rhythm
ทั้งที,while;even though;in spite of
เปลือยอก,topless
คล้อง,to loop around;to put around
ดลใจ,to influence;to motivate
สังเคราะห์,to synthesize
ล้ำค่า,priceless;invaluable
รวด,in a gulp;at once
ท่อน,mid-section;trunk of the body
ท่อนบน,upper section
บ่งบอก,to indicate;to point to
เผา,to burn
คั่ว,to roast
พาด,to lean on;to rest on;to place on
เยือน,to visit
ทีละ,one by one
สำออย,to pretend to cry;to implore or cajole
ยักไหล่,to shrug
ปุ๊บ,abruptly
ข้อมือ,wrist
เถาวัย์,a large vine
เสพตีด,addictive
อุดมการณ์,ideology
ตบไหล่,pat on the back
เง้า,to raise eyebrows
สหภาพ,union
อวด,to boast;to show-off
บุคลากรทางการศึกษา,education personnel
ประหลาดใจ,to be amazed in wonder
คาดหวัง,to expect
มัว,cloudy;a prefix for a verb to indicate being absorbed in that action.
เหลือบ,side eye but looking for a longer duration
แขน,arms
กางแขน,open arms
กอดอก,crossed arms
ชูมือ,to raise a hand
เบ่งกล้าม,to flex muscles
คล่องแขน,arm in arm (on a date)
เหยียดแขน,to stretch arms
ท้าวแขน,hand on hips
จ้อง,stare
เหล่,side eye (push eyeball close to the nose)
ขยิบตา,wink
หัว,head
หนูน,to support the head with something
ส่ายหัว,to nod sideways
ผงก,to nod (vertical)
ผะยักหน้า,to nod repeatedly (vertical)
ดม,the act of smelling
ได้กลิ่น,to smell (general)
สูด,deep breath
หอม,to smell (pleasant smell)
เหม็น,to smell (pungent smell)
ฉุน,to smell something that triggers a sneeze (like frying chillis)
ผม,hair
สั้น,short
ยาว,long
หวี,comb
ม้วนผม,to curl hairs
ถัก,to braid hairs (ponytails)
หยักผม;หยิกผม;ดัด,to curl hairs
ร่วงผม,hairfall
ย้อม,to dye
ยืดผม,to straighten hairs
กันผม,to make hair arts
แกะลายผม,to pleat hairs
ฟู,dishevelled hairs
ส่ายเอว,to swerve or sway (waist)
หมุนเอว,to swirl the waist
รอบเอว,waist (size)
เคืองเอว,sore waist
มือ,hand
กามือ,fist
ถือ,to grasp
ต่อย,to punch
ชัก,to pull at (in a fight);to have convulsions
จี้,to tickle
บีบคอ,to choke
ตัก,to scoop;to ladle out
ขา,leg
เตะ,to kick
ถีบ,to push with a foot (like paddling a bike)
กระโดด,to jump
เหยียบ,to step on something;to tread
ขัดสมาธิ,to sit with the legs crossed
หู,ear
ได้ยิน,to hear
ฟัง,to listen
หนวกหู,deafening sound
หูหนวก,deaf
หูกาง,spread out ears
เจาะ,to drill
ดับ,muffled hearing
แวว,shrill sound
เพราะ,because;melodious or pleasant sound
ได้แก่,namely
กำกับ,control;regulate
ปลิง,leech
ตู้หยอดเหรียญ,vending machine
ศอก,elbow
กระทุ้ง,to jab (like jabbing an elbow into someone's stomach)
สีข้าง,flank;side-portion of the body between ribs and hips
วับๆแวมๆ,to flash or glisten
ช่องว่าง,gap
เบือน,to turn away
รอง,to collect (liquid) under (a spout)
เต่งตึง,be elevated and firm (like breasts or muscles)
ขนาดกำลังพอดี,the size is just right
เด้ง,bounce
ม่าน,curtain
โครง,structure
โครงข่าย,network
ทำตัวเกินเหตุ,overreact
อิสระเสรี,liberty
กระอักกระอ่วน,to feel uneasy or awkward
กลางคัน,halfway
ขยำ,to mix or squeeze with hands (like breasts or dough)
เต็มไม้เต็มมือ,to the best of one's ability; with full strength
ร่วง,fall
ง่อนแง่น,be rickety or unstable (like old stairs)
สาหัส,serious
ผู้ก่อเหตุ,culprit
บทลงโทษ,penalty or punishment
ประท้วง,protest
แอบมอง,to peek
หุ่น,figure (body)
พูดจา,to converse
กระซิบกระซาบ,to whisper
คิกคัก,to giggle
กล้ำกลืน,to swallow (words or pride)
สิ้นเรื่อง,end of story (a phrase)
เอร็ดอร่อย,delicious
โด่งดัง,to be famous
ประเมิน,to estimate;to rate
ไม่ใช่ความเป็นไปได้,it's not a possibility.
รุ่ง,Dawn
พลุ,fireworks
กะทันหัน,suddenly
ถอดใจ,to be discouraged; to give up
นักเขียนนิยาย,fiction writer
ด่า,to abuse or swear
กล่าว,to say; to deliver a speech
หวน,to turn back
สาดเสียเทเสีย,to yell at someone;to criticize harshly
ผสมปนเป,to confuse; to puzzle
เอ่ย,to begin to speak
ลังเล,to hesitate;to be confused between choices
เปล่งเสียง,to sound
บทสรุป,conclusion
รุ่นคุณปู่คุณย่า,the generation of grandparents
ระเบียบ,order
ปรากฏการณ์,phenomenon
ผู้วิจัย,researchers
ภาวะ,condition
วิกฤต,crisis
ไร้เป้าหมาย,aimless;purposeless
มุมมอง,perspective
ผลกระทบ,effect
อัตราการเกิด,birthrate
แรงงาน,labor
ขาดแคลน,shortage
บุคลิกสุดโต่ง,extreme personality
สันโดษ,detached
ปฏิสัมพันธ์,interaction
ย่างต่อเนื่อง,continously;consistently
ปลีกวิเวก,secluded
บันดาลใจ,inspire
เชื่อมโยงกัน,connected
เทพนิยาย,fantasy
เวิ้งว้าง,be wide;be open;be immense
ทฤษฎี,theory
พื้นฐาน,basic
ปฏิบัติ,to act;to carry out
วัด,to measure;a temple
มาตรฐาน,standard
เรียง,to arrange
เลอค่า,precious
พิพิธภัณฑ์,museum
ชุมชน,community
อ้างอิง,to refer
ถิ่นฐาน,abode;hometown
กำเนิด,origin;to be born
จิตวิญญาณ,soul;spirit
ขี้เหล็ก,a type of tree in Thailand
คว้ารางวัล,to win a prize
ซ้อนท้าย,to sit behind the rider
ซ้อน,to overlap;to interlude
หลายครั้งหลายครา,many times
ถวิลหา,to yearn
บ่ม,to ripen;to mature
เพาะ,to cultivate;to culture
แปลง,to transform;to disguise
โฉม,appearance;looks
พิกัด,coordinates;tariff
ปัญญา,intellect
ท้องถิ่น,local
หว่าน,to sow
เรียกขาน,to name;to call
ขยาย,to expand;to extend
ก้าน,stem;stalk
ถนัด,expertise
ประกาย,spark;flash
ก่อให้เกิด,to cause
ชนบท,countryside
ความเห็น,opinion
อนุทิน,journal
วิทยากร,lecturer
เก็บตก,to pick;to collect
ปฐมนิเทศ,orientation
เยาวชน,youth
ชมรม,club
นิสิต,undergraduate
ค่าย,camp
กระบวนการ,process;procedure
ยึดโยง,to fix;to attach;to fasten
บ่งชี้,to indicate;to point at
เวที,stage
องค์กร,organization
ส่งเสริม,to promote
วัฒนธรรม,culture
แวดวง,circle (like a circle of friends)
โควตา,quota
แคน,a kind of reed mouth organ in Thailand
ค่อนข้าง,rather
สำรอง,to reserve;to put aside
ครอบครอง,to own;to posses
แหล่ง,source
กระแส,current;flow
ประเทศพัฒนา,developed country
ลำพัง,alone
พัง,to break up
หน้าหนา,be brash;be brazen
ค้าง,be unfinished;to remain;to be stuck
ชุดชั้นใน,undergarments
พลัน,promptly;at once
เสื้อฮู้ด,hoodie
รสนิยม,taste
กระนั้น,nevertheless
สลัด,to shake off
ไร้สาระ,nonsensical
เชยชม,to fondle
สิ้นดี,extremely
ญาติ,relatives
แหล่งท่องเที่ยว,tourist attractions
พื้นบ้าน,local
ทัศนียภาพ,scenery
ปะการัง,coral
สมมติ,to suppose;to assume
โอ่ง,jar
ยังงี้,like this
สื่อ,medium;media
สื่อสาร,to communicate
บิดเบือน,to distort;to twist
ประทับใจ,to be impressed
ท้าทาย,to challenge;to dare
บุกรุก,to invade;to tresspass
อนุรักษ์,to conserve
รักษา,to maintain
สำนึก,to realize;to be conscious
หม้อ,pot
กะละมัง,basin
ถัง,tank;bucket
สุม,to pile;to start a fire or put oil in the fire
ท่ามกลาง,among;amidst
พยักหน้า,to nod (in assent)
ประทาน,to grant;to bestow
ฉุกคิด,to realize suddenly;to dawn on
แย่ง,to snatch
กู้ภัย,to rescue
งานอดิเรก,hobby
คำนึงถึง,to consider
ความเรียบง่าย,simplicity
แกะ,to engrave;sheep
สร้างสรรค์,to create;to design
บัตร,card
รายรอบ,to surround;to encircle
อุทกภัย,flood;deluge
ชะตากรรม,fate;destiny
ห้วง,expanse;vastness
วิกฤติ,crisis
ศูนย์ประสานงาน,coordination center
เครือข่าย,network
ผสาน,coordinate
ภัย,danger
อาสา,volunteer
ผนึก,to bind;to tie;to seal tightly (like a bottle)
ชำนาญ,expert;experienced;skilled
อึกทึกครึกโครม,disorderly;rowdy;vociferous
ปราการ,fortifications;fort;fence
ทรง,to maintain;to hold up
มารยา,deceit;artifice
ราคี,defect;sexual desire
ขมับ,the temple (of the head monk)
ตราหน้า,to denounce
สรรพคุณ,properties;characteristics
สูดดม,to inhale;to sniff
วิงเวียน,to be giddy;to be dizzy
สมุนไพร,herb
กระปุก,pot;jug;jar;a classifier for pot or jar like objects
ลอด,a classifier for pipe like objects
แมลง,insect
ง่วง,to be sleepy
ชื่น,be joyful;be delighted;be refreshed
ห่อ,wrap;envelop
ฉลาก,label
เขย่า,to shake (like shake a bottle before use)
พก,to bring;to carry (like carrying a medicine alongwith)
ยาหม่อง,balm
แกล้ง,to tease;to prank
แสบ,to sting (like from chillis);to be sore
เห,to turn;to swerve
บุคลิกภาพ,personality
ปอดชื้น,lung disease
อำนาจ,power
สุนัขจิ้งจอก,fox
ร่องรอย,clue;traces
ล่วงเลย,to slip away;to lapse
อาณาจักร,kingdom;territory
ครองแผ่นดิน,to rule;to reign over
หุบ,valley;ravine;gorge
สวมใส่,to wear;to don;to put on
จาง,to decrease;to fade
เที่ยว,trip
ท่อง,to wander;to recite
บ่น,to mutter
แม่สูตรคูณ,multiplication table
ปรารถนา,to wish;to yearn;to desire
ประสงค์,purpose;will
เสนอ,to offer
หัวข้อ,topic
ใคร่,to desire
ใคร่ครวญ,to contemplate
สกัด,to chisel out
สิ่ว,chisel
ชะมัด,extremely;terribly;awfully
สยอง,to be terrified
ไร้เดียงสา,to be senseless
เดียงสา,to be sensible
เร่งเร้า,to urge;to push
เปล่งประกาย,to radiate and shine (like shining eyes)
โล่งใจ,to be relieved
ชักจะ,getting to;beginning to (like beginning to change mind)
พักใหญ่,for a while;a long time
ความคาดหมาย,expectation;anticipation
เปราะบาง,to be fragile
ลูบ,to touch or stroke;to caress
พ่น,to blow or spit (blowing cigarette smoke)
แววตา,expression of an eye;look in the eye
บัง,to conceal;to hide
ปา,to pitch;to throw with a downward trajectory
เมามาย,to be very drunk
ระส่ำระสาย,to be disorganized;to be in chaotic state
เป็นจังหวะ,rhythmically
บึ้งตึง,to frown
กำหมัด,to clench fist
ย้อนกลับ,to turn back;to return
กระชาก,to jerk;to snatch;to yank
อลึ่งฉึ่ง,to swell up
ยืดเวลา,to prolong;to lengthen
เครื่องสำอาง,cosmetics;make-up
ลวนลาม,to molest;to assault
แสบร้อน,skin burn
โครมคราม,with a bang (related to sound)
จับกุม,to arrest
คว้า,to clutch;to grab
ดุดัน,aggressive
ลาก,to drag
ซีดเผือด,pale (like face)
ขี้ขลาด,timid
หวาดกลัว,to be scared
พฤติกรรม,behavior;demeanor;action
พุ่งขึ้น,to soar
เมียงมอง,to peek;to peep
โค้ง,to bow
เจื่อน,sheepishly
สบตา,to make eye contact
หลั่ง,to flow in a stream
มิด,tightly;completely
อ้อนวอน,to plead;to appeal
ถ่อมตัว,to be humble;to be modest
แทรก,to squeeze through (like through a door while maintaining it partially shut)
ขัง,to confine or imprison
เอ่ยปาก,to begin to speak
คำสบถ,swear word
ขยับเขยื้อน,to move (as in movement)
มุก,pearl;to brag
คลอ,to be fillled (with tears)
ฟุ้ง,to spread;to disseminate (as in case of smoke)
หลักฐาน,evidence
ยัด,to stuff;to cram in;to devour
ยศ,rank
โวยวาย,frantic
ยืนกราน,to insist
ยืนยัน,to assert;to declare;to confirm
ตะกร้า,basket
เลือนราง,fuzzy;dim;indistinct
สับสนวุ่นวาย,to be chaotic;to muddle;to jumble
แวบ,to flash
สารภาพรัก,to confess love
กระจาย,to spread;to disseminate
เขินอาย,to be shy
แสร้งทำ,to pretend
ยัน,to prop up;to face
เรี่ยวแรง,strength
เหี่ยว,to wither;to shrivel
ผ่อนคลาย,to relax (as in the body is relaxed)
ค่อยยังชั่ว,to alleviate;to mitigate
หยาบคาย,rudely;impolitely
ประณาม,to condemn;to denounce
ซื่อสัตย์,to be upright;to be faithful
แฉะ,wet;slushy
ปักใจ,to be convinced;to believe firmly
เสี้ยว,part;piece;slice;crescent;a quarter
ปลด,to release;to untie
บั้นท้าย,ass
แก่น,nucleus;core
รูด,"to slip;to slide (slide dick inside, zip up)"
คราง,to groan;to moan
รุนแรง,to be severe;to be intense
แอบ,to hide
บรรยาย,to describe;to narrate
แจ่มชัด,to be clear
เยาะเย้ยถากถาง,to mock; to be sarcastic
หงุดหงิด,to be in a bad temper;to be irritable
เงอะงะ,to be awkward;to be clumsy
ล้วน,all;completely
ละคร,play;drama
คู่หู,partner;intimate companion
เจาะจง,to specify;to be specific
ฟ้าผ่า,to strike (lightening);thunderbolt
ปลัด,deputy
ข้าราชการ,government officer
โจม,tent;canopy
โจมตี,to assault;to attack
สืบสวน,to investigate
จิ๋ว,miniature
นาฬิกาปลุก,alarm clock
ทับกัน,to overlap
ซ่อน,to hide
ล้วง,to elicit;to extract
เท็จ,not genuine;dummy
ทยอย,in succession;one by one
เสร็จสิ้น,to end
ปลอม,to fake;to forge
แพร่,to spread
แก้แค้น,to get revenge
ซา,to moderate;to diminish;to calm down
หนีบ,to pinch;to clamp
ทื่อ,blunt
ผละ,to leave;to part away;to separate
ชุ่ม,moist;damp
ร้อนใจ,to be anxious
อึดอัด,to feel cramped;to feel uncomfortable
สั่นระริก,to palpitate;to tremble
หลบตา,to avoid someone's eyes
กล่อม,to sing lullabies
แว่ว,to hear in the distance
จั๊กจี้,to tickle
วิญญาณ,soul;spirit
เตร็ดเตร่,to stroll;to wander
มิติ,dimension
แสบตา,to have burning eyes
ยุคทอง,golden age
รุ่งเรือง,to flourish;to be prosperous
ขุ่นเคือง,to be annoyed;to be irritated
เศษ,bits;scraps;remnants
เล็บ,nails
กระจัดกระจาย,to scatter;to disperse
ตามอำเภอใจ,arbitrarily
สะเก็ด,splinters;fragments;pieces;debris
อิสรภาพ,freedom
รื่นรมย์,pleasant
หลุมดำ,black hole
ขี้โม้,boastful
เอะอะ,boisterous;noisy
ฉายา,nickname
รัว,involuntarily
คร่ำครึ,old-fashioned
หมก,to bury;to stuff in (like staying in a room all day)
สำราญ,to be good-humoured;to be happy
พอเหมาะพอควร,appropriately;suitably
เลิศ,excellent;wonderful;magnificent
เปี่ยม,to be full upto the brim;to be flush; to be replete;to teem
ชีวา,life (like teeming with life)
หลงหลือ,to remain
เถ้าถ่าน,ashes
แผ่,to spread out;to unroll
ระริก,to vibrate quickly
ห้องอนดล,a heated room for winters
ปกคลุม,to cover;to envelop
เบิกบาน,to be cheerful
ร้อนรุ่ม,to be restless;to be impatient
ตระหนัก,to realize;to be aware
ย่อ,brief;short;to make something round
แข็งทื่อ,to be rigid;to be solid (like ice)
คัน,to itch;horny (for women);a classifier for forks and spoons
มักจะคันอะไร,Where do you usually itch?
คันปาก,dying to reveal a secret
แพ้,to be allergic to; to lose
อากาศ,air;weather
ยุง,mosquito
กุ้ง,"prawn, shrimp or other shell fish"
ฝุ่น,dust
หัก,to break;to fracture (usually indicates breaking into two or more pieces..but not a lot)
หาย,to disappear;to recover from illness
มะเร็ง,cancer
ยาแก้ปวด,pain killer
ยาแก้ไอ,cough syrup
ยาสมุนไพร,herbal medicine
วิตามิน,vitamin
ยาทา,lotion;ointment
ถอด,to remove (things that require pulling action like pants or long shoes)
สวดมนต์,to pray (accompanied with vocals)
เพลีย,to be exhausted
หนัก,hard
จุ,to contain;enough;sufficient
เดินเล่น,to go for a walk;to stroll
ดีใจ,to be glad
เศร้า,to be sad
เหงา,to feel lonely
หึง,to be jealous for love
โกรธ,to be angry
กลัว,to be scared
ตกใจ,to be shocked
แปลกใจ,to be surprised
มีความสุข,to be happy
สบายใจ,to feel good
อิจฉา,to be jealous
สับสน,to be confused
มั่นใจ,to be confident
ตื่นเต้น,to be excited
การศึกษา,education
ระดับ,level
อนุบาล,kindergarten
ประถมศึกษา,primary school
มัธยมศึกษา,secondary school
อุดมศึกษา,tertiary level (school)
นักศึกษาปี๑,first year university student;freshman
นักศึกษาปี๒,second year university student;sophomore
นักศึกษาปี๓,third year university student;junior
นักศึกษาปี๔,fourth year university student(senior)
เรียน,to study
ปริญญาตรี,Bachelor's degree
ปริญญาโท,Master's degree
ปริญญาเอก,Ph.D.
วิชา,subject (study)
วิชาเอก,major (subject)
วิชาโท,minor (subject)
วรรณคดี,literature
เอเชียศึกษา,Asian studies
เลือก,to choose
ชอบ,to like
สนใจ,to be interested in
ศาสนา,religion
ปรัชญา,philosophy
ประวัติศาสตร์,history
วิทยาศาสตร์,science
คณิตศาสตร์,mathematics
เศรษฐศาสตร์,economics
สังคมศาสตร์,social science
กฎหมาย,law
จิตวิทยา,psychology
บริหารธุรกิจ,business administration
ภาษาอังกฤษ,English language
ภาษาฝั่รงเศส,French language
ภาษาไทย,Thai language
ภาษาญี่ปุ่น,Japanese language
ภาษาจีน,Chinese language
ยาก,difficult
น่าสนใจ,interesting
มีประโยชน์,to be useful
เวลาว่าง,free time
ดนตรี,music
เล่นดนตรี,to play music
เปียาโน,Piano
ไวโอลิน,Violin
กิฬา,sports
เล่นกิฬา,to play sports
เทนนิส,Tennis
ฟุตบอล,Football
ว่ายน้ำ,to swim
แบดมินตัน,Badminton
ปิงปอง,Table Tennis
ตะกร้อ,Kick ball (a local Lao/Thai sport)
บาสเกตบอล,Basketball
ดูหนัง,to watch a movie
ฟังเพลง,to listen to music
ไปซื้อของ,to go shopping
อ่าน,to read
นิยาย,novel
การ์ตูน,cartoon
ดูทีวี,to watch TV
ไปเดินป่า,to go hiking
ปีนเขา,to climb a mountain
ขี่ช้าง,to ride an elephant
ล่องแพ,to go rafting
ออกอำลังกาย,to exercise
เต้นแอโรบิก,to do aerobics
อยู่บ้าน,to be at home
เสียงดัง,to be loud
เงียบ,to be quiet
เหนื่อย,to be tired
สนุก,to have fun
ชาติ,nation
พระมหากษัตริย์,The King
สำคัญ,to be important
สำหรับ,for
คนไทย,Thai people
ทุกคน,everyone
รัก,to love
เคารพ,to respect;to revere
ในหลวง,The King
พระเจ้าอยู่หัว,His Majesty
พระราชินื,The Queen
นับถือ,to respect (to follow a religion)
ศาสนาพุทธ,Buddhism
ศาสนาคริสต์,Christianity
ศาสนาอิสลาม,Islam
ศาสนาฮินดู,Hinduism
ส่วนใหญ่,most
ชาวพุทธ,Buddhist
ชาวคริสต์,Christian
ชาวมุสลิม,Muslim
ชาวยิว,Jewish
โบสถ์,church;ordination hall
มัสยิด,Mosque
วันพระ,Holy Day
ทุก,each
พระสงฆ์,Monk
เณร,Novice monk
สามเณร,Novice monk
ชี,nun
เจ้าอาวาส,abbot
บาทหลวง,priest
วิหาร,sanctuary
เจดีย์,pagoda;stupa;chedi
กุฎิ,monk's house
พระพุทธรูป,Buddha image
ทำบุญ,to make merit
ฟังเทศน์,to listen to a sermon
ทำสมาธิ,to practice meditation
ไหว้พระ,to worship Buddha's image
สนทนาธรรม,to do dhamma discussion
ละหมาด,to pray (Islamic prayer)
ควร,should
แต่งกาย,to dress
เรียบร้อย,neatly;politely
หมวก,hat
ก่อน,before
เข้า,to enter
เมื่อ,when
ปืน,to climb
นั่งบน,to sit on
ส่งเสืยงดัง,to make a loud noise
หมู่บ้าน,village
ทะเล,sea;ocean
ภูเขา,mountain
ไกล,far
กิโลเมตร,kilometer
จาก,from
ชาวบ้าน,villager
ผู้ใหญ่บ้าน,head of the village
ผู้ช่วยผู้ใหญ่บ้าน,assistant to the head of the village
ชาวเขา,hilltribe people
หมอ,doctor
พยาบาล,nurse
ครู,teacher
ตลาด,market
ร้านค้า,grocery store
อนามัย,health center
นา,rice field;paddy field
ไร่,plantation
สวนผัก,vegetable farm
สวนผลไม้,orchard
ทำนา,to cultivate rice
ทำสวน,to cultivate fruits and vegetables
ทำไร่,to cultivate crops
ทำประมง,to fish (farming)
ทำเครื่องจักสาน,to make basket with wicker
ทอผ้า,to weave clothes
ชาวไร่,farmer
ชาวสวน,gardner
ชาวประมง,fisherman
ไว้เล็บ,to keep long nails
ต่อเล็บ,to augment with artifical nails
ผมร่วง,hairfall
ปลูก,to plant;to cultivate;to grow plants
ข้าว,rice
ถั่ว,beans
ถั่วเหลือง,soybean
ถั่วลิสง,peanut
พริก,chilli
กาแฟ,coffee
ชา,tea
ยาสูบ,tobacco
เลี้ยง,to raise (humans or animals)
สัตว์,animal
หมู,pig
วัว,cow
ผึ้ง,bee
ไฟฟ้า,electricity
น้ำประปา,tap water
โทรศัพท์,telephone
โรงพยาบาล,hospital
ถนน,road
แต่,but
ไส้เดือนดิน,earthworm
พอ่เลี้ยง,step-father
วิทยุ,radio
ตะเกืยง,lamp
เทืยน,candle
น้ำฝน,rain water
บ่อน้ำ,well (water)
แม่น้ำ,river
หลาย,many
เผ่า,tribe
ม้ง,Hmong tribe (Southeast Asian Tribe)
กะเหรื่ยง,Karen tribe (Southeast Asian Tribe)
อาข่า,Akha tribe (Southeast Asian Tribe)
เย้า,Yao tribe (Southeast Asian Tribe)
ลาฮู,Lahu tribe (Southeast Asian Tribe)
ภาคเหนือ,Northern region
ภาคตะวันตก,Western region
ประเทศจีน,China
ประเทศพม่า,Myanmar
ประเทศทิเบต,Tibet
เมื่อก่อน,in the past
เดี๋ยวนี้,now;nowadays
ฝิ่น,opium
หา,to search for
ของป่า,forest products
ทำไร่เลื่อนลอย,to do slash-and-burn farming
ปักผ้า,to embroider
ขายของ,to sell things
เมือง,city
ผี,spirits
บางคน,some;someone
พูด,to speak
ภาษา,language
เทศกาล,festival
คือ,to be
สงกรานต์,Songkran (Thai New Year)
ลอยกระทง,Loy Kratong Thai Festival
วันสงกรานต์,Songkran Day (Thai New Year Day)
วันปีใหม่,New Year's Day
เดือนเมษายม,April
ปล่อยนก,to free/release the birds (Thai Tradition)
ปล่อยปลา,to free/release fish (Thai Tradition)
สรงน้ำพระ,to sprinkle water on Buddha image
รดน้ำผู้ใหญ่,to pay respect to the elderly
สาดน้ำ,to throw or splash water
เพื่อ,in order to;for
แสดง,to show
ความกตัญญู,gratitude
สิริมงคล,good luck
ความสนุก,fun
วันเพ็ญ,full-moon day
เดือนสิบสอง,twelfth lunar month
วันลอยกระทง,Loi Krathong Day (Thai Festival)
กระทง,A lotus shaped float floated on Loi Krathong Day
ลอย,to float
ประทีป,lighted candle
จุด,to light;a point
ประทัด,fire cracker
ดอกไม้ไฟ,fireworks
ปล่อย,to release
โคม,lantern
ขบวนแห่,procession;parade (the one which includes vehicles)
รำวง,to dance (a folk dance)
ใบตอง,banana leaf
โฟม,styrofoam
ขนมปัง,bread
ดอกไม้,flower
ธูป,joss stick
เทียน,candle
เงิน,money
หลัง,after
อธิษฐาน,to wish (like a prayer to get something)
คูเมือง,moat
ขอบคุณ,to thank
ขอโทษ,to apologise
ความสุข,happiness
เคราะห์,bad luck
ปัญหา,problem
สังคม,social;society
เช่น,such as;for example
ยาเสพติด,drugs (addictive)
โรคเอดส์,AIDS
โสเภณี,prostitution
คนจน,poor people
วัยรุ่น,teenagers
กัญชา,marijuana
ยาบ้า,amphetamine
เฮโรอีน,heroin
เหล้า,alcoholic drinks
บุหรี่,cigarette
ติด,to be addicted to
สูบ,to smoke
ขโมยของ,to steal
ขายตัว,to prostitute
เที่ยวผู้หญิง,to go to brothel
เป็นโรคเอดส์,to contract AIDS
ไม่มีงานทำ,to be unemployed
ไม่มีบ้าน,to become homeless
ตาย,to die
มากขึ้น,more
ช่วยกัน,to help one another
แก้ปัญหา,to solve a problem
รัฐบาล,government
สถานที่,place
ท่องเทื่ยว,to travel
สถานที่ท่องเที่ยว,tourist attractions
มากมาย,a lot of (different things)
น้ำตก,waterfall
ปราสาท,castle
กอย,mountain
ไปเที่ยว,to travel
ตั๋ว,ticket
ราคา,price
หรือ,or
จอง,to reserve
ออก,to depart
ถึง,to arrive
ช้า,slow;slowly
เร็ว,quick;quickly
ปลอดภัย,safe;safely
คนเดียว,alone
วัดพระแก้ว,The Temple of the Emerald Buddha (Thailand)
พระบรมมหาราชวัง,The Royal Palace (Thailand)
คิด,to think
ฤดู,seasons
ฤดูร้อน,summer season
ฤดูฝน,rainy season
ฤดูหนาว,winter season
ฤดูใบไม้ผลิ,spring season
ฤดูใบไม้ร่วง,fall season
หิมะ,snow
อากาศหนาว,cold weather
อากาศร้อน,hot weather
อากาศเย็น,chilly weather
แดด,sunshine
ชื้น,humid;moist
ฝน,rain
บางครั้ง,sometimes
พายุ,storm
น้ำค้างแข็ง,frost
ลูกเห็บ,hail
ลม,wind
แรง,strong
ไม่มั่นคง,insecure
พลิกตัว,to roll over the body
ลูบคลำ,to move hands over the body to feel;to fondle;to grope
อับชื้น,damp;danky;smell (like in a old hotel room)
สั่นไหว,to quiver;to tremble
เต้นรัว,to beat (in a fluttering manner)
คลำ,to feel (with hands)
คู้,to curl;to contort;to twist
ปรับ,to adjust;to finetune
แก่นกาย,body
ปวกเปียก,to be flimsy;to be weak or limp
กางเกง,trousers;pants
กานำ้,kettle
กล้าม,muscle
การบ้าน,homework
ขาดทุน,loss
ค่า,value
ฆ่า,to kill
ชาย,man
วาดรูป,to draw a picture
ได้กำไร,profit
หุ้น,shares (stocks)
ข่า,Galangal
คา,to be stuck in a gap or narrow space
ไต,kidney
กฎ,rule
ระบายสี,to fill colors in a drawing (like in a kid's drawing book)
กระดูก,bone
ป้าย,to smear with paint (like smear paint on the body)
ถ่าย,to shoot a picture
หน้าต่าง,window
ก้างปลา,fishbone
อ่างน้ำ,swimming pool
บ่ายโมง,afternoon
ข้างขวา,right side
ร้านขายยา,pharmacy
ถ่าน,charcoal;battery
ผ่าน,to pass
ข้ามสะพาน,to cross a bridge
ผ้าฝ้าย,cotton
นักข่าว,newsreporter
ช่างประปา,plumber
ข้างทาง,side of the road
หย่าร้าง,divorce
ล้างหน้า,to wash your face
ชีวิต,life
อีก,more
ความคิด,thought;idea
กินเลี้ยง,to take care of
ขนคิ้ว,eyebrow hairs
จิตใจ,mind
จิ้งจอก,fox
ซิ่ง,speeding;racing (like racing heart)
สิ้นใจ,to die
ผีดิบ,zombie
พี่ชาย,elder brother
คีบ,to grab with tongs;to eat with chopsticks
สีเข็ม,dark color
ซี่โครง,rib
ฮองกง,Hong Kong
มืดครึ้ม,overcast
ชื่นชม,to admire
ค้างคืน,overnight
ห้องโกรง,prison cell
อันอื่น,another
ชุดสูท,suit
มะกรูด,Kaffir lime
วันหยุด,day off
เข็มหมุด,pin
ขุดดิน,to dig
จุดตรวจ,checkpoint
ปวดหัว,to have a headache
ถูกใจ,to be pleased;to be content
ฟันหลุด,loose teeth
ฟันผู,decayed teeth
ปูน,mortar
กระเบื้อง,tile
เรียบ,smooth;flat
ขาด,to lack
ขาดใจ,to die
ขาดเรียน,to skip school
หมอดู,fortune teller;clairvoyant
หมอผี,shaman;exorcist
อาจารย์หมอ,professor
ช่าง,technician
ผลัก,to push
แฟ้ม,folder
สิว,acne;pimple
หมอย,pubic hairs
ขน,body hairs
อ้วก,to puke
ขัน,to sound (for animals);to crow;a bowl
นกเขาไม่ขัน,unable to get an erection
พื้น,floor
ดึง,to pull
พืช,plants
จึง,therefore;hence
หมื่น,ten thousand
คิดตื้นๆ,one who thinks shallow
ตื้น,shallow
หมึก,ink
ลึก,deep
ผ้าก๊อช,bandage;gauze
ตึก,building
ตื่น,wake up
ลื่น,to slip
หลื้น,to slip
ซึ่ง,which (conjunction)
นึ่ง,to steam
ยืม,to borrow
ลืม,to forget
ขึ้น,to climb
ผื่น,rash
ดื้อ,to be stubborn
ซื้อ,to buy
คืบ,one palm length
ดึก,late (time)
ฝึก,practice
อึ,shit
สืบ,to detect
นักสืบ,detective
ดู,to watch
อยู่,to live
ชู,to raise like to raise a fist
คุณ,you (formal second person pronoun)
สูง,to be high or tall
สู้,to fight
ถูก,cheap;to get touched physically by hand or other limbs
ตู้,cupboard
คู่,pair
เงย,to raise one's head
หลุด,to slip or reduce
หนู,mouse
หยุด,to stop
ซุป,soup
ตุ๋น,to steam
ปรุง,to sprinkle seasoning
สุก,ripe
สุข,to be happy
ศุกร์,Friday
สูตร,formula;recipe
ยุ่ง,to be busy
ผู้ชาย,man
รู้,to know
ชู้,adulterer
จูบ,kiss
ถุง,bag
ลุก,to get up
จุก,cork;stomach ache
จูง,to take by hand
ปลุก,to wake up;alarm
ลูก,child
บูด,to be rotten
ตูด,ass
มุม,corner
อุ่น,warm
ชุด,suit;set
คุก,prison
สยองขวัญ,horror
ระทึกขวัญ,thriller
ฆาตกรรม,murder
แปรง,to brush
สระ,to wash hair
ค่าง,a classifier for one of a pair
ดิบ,raw
หุง,to cook rice
เรียก,to call
เปียก,to be wet
เปลี่ยน,to change
เขียน,to write
เยี่ยม,to visit
เทียม,to be like;to be equal to;artificial;fake
เตรียม,to prepare
เสียง,to sound
เตียง,bed
เชือก,rope
เปลือก,shell or skin of a fruit or nut
เตือน,to remind
เหมือน,like (conjunction)
เชื่อม,to connect
เรื่อง,story;subject;a classifier for subject or a story
เปื้อน,to stain
เรื่อย,to do something often (adv)
ลวก,roughly;cursorily;carelessly
สะดวก,to be convenient;to be comfortable
ช่วง,duration;during
ทวง,to ask for return of the thing which was borrowed
รวย,to be rich
กล้วย,banana
สวย,beautiful
หลวม,loose;to be negligent
บวม,to be swollen
ไป,to go
ใคร,who
ไหม,silk
ใช่,yes
ไม้,wood
ไว้,to keep;to hold
ใหม่,new
ใกล้,near
อะไร,what
ทำไม,why
ผด,papule or pimple (not on face)
ผืน,sheet;plot;piece;a classifier for clothes and flat objects
แผล,rash
พันเชือก,to tie a rope
โต๊ะ,table
ตก,to fall
จน,until
ชน,to bump;to collide
บน,on
ชก,to punch
กด,to press
คน,person;to stir;to blend
วน,to go around in a loop
ต้น,stem;trunk
ค้น,to seek;to search
ชม,to watch (a view);to admire
โกน,to shave
โดน,it converts a sentence to passive voice
ปล้น,to threaten
โมง,hour
โพรง,cavity
ห่ม,to cover (like with a blanket)
จม,to sink
ชง,to make a drink by mixing something in water;to brew
ส่ง,to send
ลง,to descend
โหล,a dozen;a wide-mouthed glass jar
โชว์,show
โน,to swell out; to bulge out (after getting hit with something)
กิโล,kilo
โมโห,to be angry
โดนัท,donut
โดย,by
งง,to get confused
ผง,powder
ผลไม้,fruits
รถ,car
รด,to water the plants
รส,flavor;taste
ซด,to sip
หด,to shrink (like clothes after washing)
หมด,to be finished
สด,fresh
นม,milk
นิยม,popular
ตม,mud
ต้ม,to boil
เด็ก,child
เล็ก,small;little
ลูกเกด,raisin
พิเศษ,special
เจ็ด,seven
เต้น,dance
เอ็น,ligament
เป็น,to be;alive
เห็น,to seek;to search
เอง,oneself
กระสอบ,sack
เย็น,to be cool
เข็ด,to be afraid of the recurrence of a bad experience
เสร็จ,to finish
เห็ด,mushroom
เม็ด,seed;grain
แข็ง,to be hard;to be strong
อุ้ม,to carry in front (like a baby)
แบก,to carry on the back;to bear
แดง,red
แตก,to break into a few pieces
แปด,eight
แยก,to distribute
แรก,first
แขก,guest
แลก,to exchange
แบ่ง,to divide
แสด,orange color
แตง,melon
แม่,mother
แก้,to solve;to untie;to take-off (clothes)
จุ่ม,to dip
แช่,to soak
ไอ้ผี,naughty person
ทุบ,to pound;to smash
ค้อน,hammer
เคาะ,to knock
กอด,to hug
ลอง,to try;to taste
สวดมน,to pray
พร้อม,to be ready
ป้อน,to feed (by putting food in their mouth like feeding a baby)
ร้อน,to be hot
รอบ,round (like a round of play)
สอบ,to take a test
ตอบ,to reply
ถอนฟัน,to extract a tooth
เลอะเทอะ,to be messy;to be sloppy
เยอะ,many (countable)
เจอ,to meet
เธอ,you
เบอร์,number
เรอ,to belch or burp
ละเมอ,to sleeptalk
เดิน,to walk
เกิด,to happen;to originate
เปิด,to open
สว่าน,a drill
เคย,ever
ดาวเทียม,satellite
เคลือน,to move;to head to
เริ่ม,to start
เติม,to fill
เพิ่ม,to add (to increase)
เสริอม,to augment
เทอม,term
เกิน,to be over (over the limit)
เพิ่ง,just
เลย,at all
เลิก,to end
เขิน,to be shallow;to be shy
อาย,to be embarassed
เป่ายิ้งฉุบ,"the game of called rock, paper, scissors"
อ่อนประสบการณ์,to be inexperienced
มะเขือเปราะ,a small round eggplant
ไส้,filling;intestine
ถั่วงอก,bean sprout
สหาย,companion
เห็ดหอม,shiitake mushroom
เกี้ยมไฉ่,pickled vegetables
กระเพาะ,stomach
น้ำกะทิ,coconut milk
น้ำขิง,ginger water;ginger ale
พริกหยวก,sweet pepper;bell-pepper
ผักคะน้า,kale
หอยนางรม,oyster
หอยแครง,molluscs
หอยแมลงภู่,mussel
ใหญ่,big
แพง,to be expensive
ตื่นนอน,to wake up
เช้า,morning
ออกจาก,to leave
บ้าน,house
กลับ,to go back
ชั่วโมง,hour
พัก,to take a break
สีเขียว,green
สีม่วง,purple
สัปดาห์,week
ก๋วยเตี๋ยว,noodles
เปรี้ยว,sour
หนัง,movie
หวาน,sweet
ใส่,to put on
พอดี,just right
หล่อ,handsome
ส้มตำ,papaya salad
เผ็ด,spicy
ไปรษณีย์,post office
ลด,to reduce
สามสิบ,thirty
ขาวดำ,black and white
ผ่า,to split;to dissect
คาว,to be fishy (smell)
สีเทา,grey
เถ้า,ash
โรย,to sprinkle
เกา,to scratch
ควัน,smoke
คู่หมั้น,finance;finacee
หมาเห่า,a barking dog
หมากดิบ,raw betel nut
หมางเมิน,to be at odds with;to be estranged from
หม่ำ,to eat (for infants);to consume
หมี่กะทิ,coconut cream noodles
หัวหมุด,the head of a needle or pin
ร้องแหม,oh!;ah!
ผ้าหมาด,damp clothes
ดูหมิ่น,to insult;to look down upon
หมึกดำ,black ink
หมุนเวียน,to circulate
เหม็นเบื่อ,to be bored of repetition
เหมืองแร่,a mine
หมุบหมับ,to catch a lot of things like catching multiple balls at the same time
เหมาหมด,to buy all like rent an entire transport for yourself.
งอน,to be sulky;to be petulant;curly
ยิบ,dense;fine
มด,ant
หงอน,bird crest
ว่าน,hemps;orchids
มัด,to bind;to tie;a classifier for bunch
หนอน,worm
หลาม,bamboo dessert;a python;swollen;overflowing;overcrowded
ยุด,the state of impasse in a tug-of-war
หมัด,fist;punch
ล่าม,interpreter;to tie;to fasten
หลบ,to dodge;to hide;to sneak into
โถ,a big bowl
ไม้จิ้มฟัน,a toothpick
ป่น,to pound;to powder
กระซิบ,to whisper
จิ้ม,to stab or poke and pick up
ก้อนผสม,flavor brick
ตอกไข่,to break eggs
เนียน,smooth;to be delicate
กระชอนตาถี่,colander with fine holes
ตะแกรง,a grill
เครื่องเคียง,side-dish
ปฎิเสธ,to deny or reject
ราบรื่น,smooth
ดำเนิน,to conduct;to execute
ผลัด,alternate
มิตรภาพ,friendship
เห็นแก่ตัว,selfish
นิสัย,personality;character
บริการ,service
น้ำหนัก,weight
เหลือ,to remain
จำกัด,to limit
ซี้,to die;to close
ถ้วย,cup
ปวด,to be in pain
ขวด,bottle
นวด,massage
กดขี่,to oppress
สนธิสัญญา,treaty
คนสารเลว,a vile person
ปกป้อง,to protect
อาวุธ,weapon
ล่มสลาย,to collapse
ความล้มเหลว,failure
สังหาร,to kill;to execute
เนรเทศ,to exile;to banish;to deport
พลาด,to miss
ฝันเฟื่อง,to daydream of the impossible
ทรยศ,to betray
สาป,to curse
พิชิต,to conquer
เสวย,to eat with pleasure
ประลอง,to contest;to maneuver
ดาด,ordinary
บูชา,to worship
หวง,to be possessive
ขย้ำ,to maul
แม่บ้าน,maid
หน้าที่,duty
สามี,husband
โสด,single
นั่งเล่น,to sit and relax casually
ประชุม,meeting
สาย,to be late
รถติด,traffic jam
ดูแล,to look after
เผื่อ,just in case
อำนวยความสะดวกให้,to accomodate
รับมือ,to handle
สถาการ,situation
เร่ง,to accelerate;to hurry up
เผิ่ง,just (adverb)
จบ,to finish or complete (like finish graduation or project)
รายงาน,report
ทัน,on time
รับ,to receive
แถว,row
ลงทุน,to invest
เกินไป,to go beyond
แน่,to be sure
งัด,to pry open
พุ่งใส่,to charge in
สลบ,to faint
เผ้า,to guard;to watch over;to water
ศพ,dead body
หลอก,to scare;to trick
สพรวจ,to inspect;to explore
ทะลุ,to penetrate;to puncture;to bore through
วิญญาณอาฆาต,vengeful spirit
ข้างเครียด,to be stressed
ขายส่ง,wholesale
ขายปลีก,retail
ผ่อน,to pay installments
โรคกระเพาะ,gastritis
ย่อย,to digest
โรค,disease
ธุรกิจ,business
เสื้อผ้า,clothes
กำไร,profit
สำเรจรูป,readymade
เทพเจ้า,god
องค์,a classifier for god/monks
สติปัญญา,intelligence
เฉลียวฉลาด,to be clever
ผู้อุปถัมภ์,supporter;patron
ศิลปวิทยาการ,liberal arts
แขนง,branch;field
บรมมครู,a great teacher
คติ,motto
ประทานพร,to bless
ก้าวหน้า,to progress
รำ่รวย,wealthy
โชคลาภ,fortune
ของไหว้,things to use as offerings
ธูปกำยาน,frankincense
น้ำอ้อย,molasses
เจ้าหน้าที่,officer
ล่วงเวลา,overtime
อุทาน,to exclaim
ตรงเวลา,on time
ศูนย์,hall
แห่ง,a classifer for places
นึกได้,to realize
มัก,to like
การค้า,trading
พิถีพิถัน,to be careful or meticulous
ขั้นตอน,stage or step in a process
ระเหย,to evaporate
ระเหิด,to sublimate
กรรมวิธี,process (related to living beings)
อัตรา,rate;rank
สลาย,to disintegrate;to crumble
ซึมซาบ,to permeate;to get infused
เศด,fraction;remainder
๑เศด๒ส่วน,1 over 2
เขวี้ยง,to throw
ฟัน,to cut with an axe or a sword
โบน,to throw something like a projectile
ทุ่ม,to throw something with two hands like a basketball or coconut
คว้าน,to stab and make a hole
หั่น,to dice
ซอย,to slice
ไม่เท่าไร,not much
เอียง,to incline
งอ,to bend;to be sulky
ผิวพรรณ,skin
ผ่องใส,to be cheerful or bright
คม,sharp
ผูก,to tie
คอปก,collar
ลีบ,lean or stunted;atrophied
รัด,to bind or coil around
ชะล่าใจ,to be complacent
งีบหลับ,to steal a nap
สม่ำเสมอ,regularly
การรบ,battle
มโน้,to imagine
แนวโน้ม,tendency
ออม,to save or conserve
บัญชีออม,savings account
ฉุกเฉิน,emergency
ขยับ,to move (small movement)
ข้าวยากหมากแพง,famine
บ้านการ,household
ยามหน้าแล้ง,drought
ความโน้มถ่วง,gravitation
พนักงาน,employee
ความสะอาด,cleanliness
ห้องอาหาร,dining room
ไปรับ,to pick up
ข้อดี,pros
ตำแหน่ง,position
ขี้ลืม,forgetful
บริษัท,business
ห้องน้ำ,bathroom
เจ้านาย,proprietor
ข้อเสีย,cons
สนามบิน,airport
เด็ดขาด,absolutely
บกพร่อง,defectively
แหลมคม,to sharpen
ลูกค้า,customer
บรรยากาศ,atmosphere
เป็นกันเอง,to be friendly
เอาใจใส่,to be caring and attentive
เทศนา,to preach or reprimand
เคร่ง,to be strict
ตั้งกรรภ์,to become pregnant
ติดลบ,to make negative
มันไม่น่าจะเป็นไปได้,it's unlikely
ท้องเสีย,diarrhea
น่าสงสาร,to be pitiful
โรคภัยไข้เจ็บ,disease
โรคท้องมาน,dropsy
วัณโรค,tuberculosis
เบิกโพลง,to open widely
ครีบ,fin
ลักษณะ,shape;appearance
ไต่ขึ้น,to climb
ริมฝั่ง,bank (of a water body)
อยู่บนบก,over land
ขยอก,to swallow without chewing (like for a fish)
น่าทน,to be unbearable
ลืมตา,to open eyes
ข้างนอก,outside
ช้ายมือ,left hand side
สถานีรถไฟ,train station
สาธารณะ,public
ข้างใน,inside
จอด,to stop or park
สี่แยก,intersection
ไปส่ง,to send
ขวามือ,right hand side
ทอนเงิน,to change money
ป้ายรถเมล์,bus stop
สถานทูต,embassy
เอกชน,private
รัฐวิสาหกิจ,state enterprise
วิ่งไล่,to chase
วิ่งหนี,to escape
ยากจน,poor
โดนดี,to have bad experiences with stuff like ghosts or gangs
เวรดึก,nightshift
จู่ๆ,suddenly
เงยหน้าขึ้น,to raise the head
ก้มหน้า,to lower the head
ซู่,to rise high
แม้แต่น้อย,not even a little
นักมวย,boxer
ปรึกษา,to consult
เศษอาหาร,scrap food
จักรยานยนต์,motorcycle
ทะเลาะ,to argue
ตำรวจ,policeman
อุตส่าห์,to endeavor
ค้นคว้า,to research
น้ำค้าง,dew
อุตุนิยม,meteor
แข็งแรง,to be healthy
บริจาค,to donate
ตลาดนัด,temporary market
กะพริบ,to blink eyes
นกหัวขวาน,woodpecker
นกกางเขน,magpie
นกกินปลี,sunbird
ทุ่งหญ้า,grassland
ป้องกัน,to protect against
อุตุนิยมวิทยา,meteorology
เหงื่อไหล,to sweat
ใบบัว,lotus leaf
ไอจาม,to sneeze
เทียนไข,candle
ผ้าไหม,silk cloth
ชัยชนะ,to win
ไพเราะ,melody
วินัย,discipline
อาศัย,to live
เรือใบ,sailboat
มาลัย,garland
ไฟใหม้,fire (like a burning house)
ใฝ่รู้,to seek knowledge
แง้ม,ajar;slightly open
หลับใน,drowsy
หลับนอน,to have sex
ลักหลับ,to rape a sleeping person
ฮักเมา,not sure if in love
โด่,to be erect
ตาแข็ง,to be sleepless
ปากแข็ง,unable to express feelings
ใจแข็ง,callous
ขาแข็ง,stiff legs
คอแข็ง,arrogant
ไม่ดี,not good
เบ้อเริ่ม,mammoth (big)
เบ้อเร่อ,mammoth (big)
ใหญ่กว่า,bigger
ดำปี๋,dark black
ฟ้า,sky blue
น้ำเงิน,navy blue
กล้าหาญ,brave
วุ่นวาย,chaotic (a noisy or crowded setting)
คลุมโปง,to get in the blanket completely with face covered
สโพก,hips
ก้น,ass
ดึงดูดใจ,attractive
เปราะ (จิตใจเปราะบาง),brittle
ร้าว (จอร้าว),to crack
รก (ห้องรก),cluttered
เรียบรอย,organized
สีสน หลากสี,colorful
หลากหลาย,with a lot of variety
กล้า,to dare
มืด,dark black
สว่าง,bright
หน้ามืด,to faint
โพล่ง,to blurt out
ทันใจ,to be quick
ทันที,immediately
รับสมัคร,to apply
สมัครใจ,to agree (without having a choice)
ใบสมัคร,applications
เหมื่อน,same
คล้าย,similar
มาไว มาก่อน,early
สาย ช้า,late
เร็ว ไว,fast
ปากไว,to talk without thinking
มือไว,thievish
ใจเร็ว,a girl who is easy to pick up
อวบ,chubby
ลงพุง,paunchy
คะนอง,fiery (temper)
ล้น,to be full upto the brim
สุดท้อง,youngest child
กิ๊ก,secret girlfriend or boyfriend
สุขสันต์วันเกิด,happy birthday
สงบ,peaceful
โกรธ โมโห,to be angry
มาก,a lot
หลากสี หลายสี,multi-colored
แคบ,narrow
ใจแคบ,smug
ความคิดคับแคบ,narrow-minded
เก่า,old (for things)
แก่,old (for people)
หนุ่ม,young (people)
สีส้ม สีแสด,orange color
สีชมพู,pink color
เสียใจ,sad
เตี้ย,short
ฉลาด,clever
ยอดเยี่ยม,excellent;splendid
ตรง,straight
หยิก,to curl around
สวดทรง,shape (of a girl)
มวน,to roll
ยืดยุ่น,to spring (like a spring)
น่าเกลียด,ugly
คว่ำ กลับหัว,upside down
อ่อน,young
หน้าอ่อน,to look young
ใจอ่อน,soft-hearted;vulnerable
ห่าม,almost ripe
ครี้งสุกครึ้งดิบ,medium rare
ง่ายแบบไม่สับสน,keep it simple
อิทธิพล,to influence
เวทมนตร์,magic
สิ่งแวดล้อม,environment
แซวเล่น,to tease
ละเลย,to ignore;to neglect
หาเรื่อง,to look for a fight
หาหาวใส่หัว,to look for a problem
เดี๋ยว,soon;in a bit
ขออภัย,to apologize
ความไว้เนื้อเชื่อใจ,to have confidence in
ไม่ไว้ว่างใจ,to be distrustful
ที่เชื่อถือได้,reliable
เอื้อเพื้อเผื้อแผ่,hospitable;accomodating
เอื้ออารี,to do a favor
เอื้ออาทร,to help eachother
ชั่วร้าย,to be evil
เลวร้าย,to be bad
โทดร้าย,to be cruel
สิ้นหวัง,to be hopeless
สิ้นเชิง,completely;entirely
นายกเทศมนตรี,mayor
ประชาธิปไตย,democracy
การนิรโทษกรรม,amnesty
อาชญากร,criminal
ดาษดื่น,to bloom;to be ubiquitous or commonplace
ฟูมฟาย,tearfully;lavishly
ชำเลือง,side eye without worrying about someone looking back
เหลียว,to turn the upper body to see behind
หมู่ หลุ่ม,a group
ฝูง,a group of animals
กอ,a group of bamboo plants
พุ่ม,a bunch of trees
กอง,a pile
พับ,to fold
ปรานี,to have mercy on
ปะทุ,to erupt;to spurt
ดันผุด,to spurt
ร่วงหล่น,to collapse (as in downfall)
ก้าวร้าว,to be aggressive
ตื่นตระหนก,to panic
ยืนหยัด,to be steadfast;to persevere in
ล้มเลิก,to collapse (as in destruction)
ประชากร,population
ชานเมือง,suburb
รองรับ,to support;to bear;to prop
จารึก,to inscribe (stone or metal)
อาชญากรรม,crime
ประจักษ์พยาน,eyewitness
ตะวันออกเฉียงใต้,southeast
คืบหน้า,to progress
ชีวิตความเป็นอยู่,lifestyle
ชนชั้นสูง,upper class
ชนชั้นต่ำ,lower class
ทาส,slave
ทองถิ่น,local
เกร็ง,nervous;to be stressed
โม้,to boast
ปัจเจก,individual
บรรณาธิการ,editor
คุกคาม,to threaten
คลุ้มคลั่ง,to be mad or crazy
ตอบสนอง,to respond
ความเป็นไปได้,possibilities
หมวดหมู่,category
คำนวณ,to calculate
คล้ายคลึง,analogous
ประสิทธิภาพ,efficiency;efficacy
ปัจจัย,factor
ประการ,aspects;kinds
เนื้อหา,content;material
จำลอง,to mock or mimic
ประสิทธิผล,effectiveness
ความก้าวหน้า,progress
สอดคล้อง,in line with;to be according to a guideline
ประมวลผล,to process
รูปแบบ,style
เชิงลึก,in-depth
หลักการ,principle
โครงข่ายประสาทเทียม,artifical neural network
ประสาท,nerve;to bestow
ต้นแบบ,prototype
ป้อนข้อความ,to enter a message
แม่นยำ,precise
รวบรวม,to compile;to collect
วางรากฐาน,to lay the foundation
ปริมาณ,volume;amount
ครอบคลุม,comprehensive;to engulf;to hold
การเลือกชนิด,specification
วิเคราะห์,to analyze
รูปประกอบ,illustration
แบบจำลอง,model;replica
คุณลักษณะ,attributes;traits
แบบแผน,pattern
ซับซ้อน,complicated;complex
ฝึกฝน,to practice;to train
แยกแยะระหว่าง,to distinguish between
ระบุความแตกต่าง,to specify the differences
จำแนก,to classify
ทำนาย,to predict
รู้จำ,to recognize
ลำดับ,order (as in order and disorder)
แฝง,to disguise;to conceal
คุณสมบัติ,feature (attribute)
ตัวแปร,variable
ประยุกต์ใช้,to adapt
การสุ่มตัวอย่าง,random sampling
การกระจายความน่าจะเป็น,probability distribution
กระชับ,compact;concise
เฉพาะเจาะจง,to be specific
หลีกเลี่ยงอคติ,to avoid bias or prejudice
กำกวม,to be ambiguous
คลุมเครือ,to be vague
ความเชี่ยวชาญ,expertise
ความเชี่ยวชาญเฉพาะด้าน,specialization
ข้อจำกัดหรือข้อกำหนด,restrictions or requirements
บริบท,context
ทักษะการ,skills
ความเกี่ยวข้อง,relevance
พิจารณา,to consider
จริยธรรม,ethics
ปัญญาประดิษฐ์,artificial intelligence
นำเสนอผลงาน,presentation
แง่มุม,aspect;point of view
เน้น,to emphasize
วิธีการ,mechanism;way
เบื้องต้น,preliminary
ภาระงาน,workload
ยืดหยุ่น,to be resilient;to be flexible
รอมชอม,to compromise;to come to terms
หารือ,to consult
พนัน,to bet
ปัง,bang
ทรัพยากร,resources
ตกมัน,to be in rut
สังกัด,to be affiliated to; to be a member of
ระแวง,to be wary
ประสาน,to coordinate
อัครราชทูต,ambassador
พิทักษ์,to act as a trustee
ล้นหลาม,overwhelming
ระหองระแหง,feud
เปิบ,to eat with hand
ที่สาธารณะ,public place
สะท้อน,to reflect
ค่านิยม,current value
ตัวสำรอง,substitution
ขี้อวด,to show off
จิบ,to sip
หรูหรา,luxurious
จ่ายฟุ่นเฟือย,to spend extravagantly
ยกย่อง,to praise
เอกลักษณ์,identity;trait
ปั้น,to mould;to knead
รัชกาล,reign
ร่วม,to join
เป็นกันเปง,to be friendly
ฐานะพลเมือง,citizenship
พลเมือง,population
ประชากรศาสตร์,demography
ประชาชน,citizen
ประชาชาติ,nation
ประชาทัณฑ์,lynch law
ชั้นเรียน,class (classroom)
วงกลม,circle
พับเพียง,to sit squat with the legs folded on the side
นุ่งซิ่น,to wear a skirt (Thai or Lao Style)
นุ่งโจง,to wear a loin cloth
นุ่งผ้าถุง,to wear a sarong
น้ำย่อย,gastric juice
เมี่ยง,food wrapped in a leaf (Thai or Lao)
คนเก็บตัว,introvert
มาตรการ,measures;orders
ปฏิรูป,to reform
การสร้างงาน,employment
อักเสบ,to be inflamed or infected
เห็ดถอบ,a type of mushroom
กำหนด,to specify;to be noted
แง่ร้าย,pessimistic
แง่ดี,optimistic
มลพิษ,pollution
ลักษณะนิสัย,personality traits
